iso3,country_wdi,indicator,value
AFE,Africa Eastern and Southern,NY.GDP.PCAP.CD,1679.32762166466
AFW,Africa Western and Central,NY.GDP.PCAP.CD,2138.47315259913
ARB,Arab World,NY.GDP.PCAP.CD,7950.35581975672
CSS,Caribbean small states,NY.GDP.PCAP.CD,17456.3084845676
CEB,Central Europe and the Baltics,NY.GDP.PCAP.CD,19530.1553232172
EAR,Early-demographic dividend,NY.GDP.PCAP.CD,4043.82776331568
EAS,East Asia & Pacific,NY.GDP.PCAP.CD,13139.2109813612
EAP,East Asia & Pacific (excluding high income),NY.GDP.PCAP.CD,10106.9935977814
TEA,East Asia & Pacific (IDA & IBRD countries),NY.GDP.PCAP.CD,10220.4774431567
EMU,Euro area,NY.GDP.PCAP.CD,41608.7123275598
ECS,Europe & Central Asia,NY.GDP.PCAP.CD,27913.5882331645
ECA,Europe & Central Asia (excluding high income),NY.GDP.PCAP.CD,7266.02243154199
TEC,Europe & Central Asia (IDA & IBRD countries),NY.GDP.PCAP.CD,11421.1364427001
EUU,European Union,NY.GDP.PCAP.CD,38066.8844892624
FCS,Fragile and conflict affected situations,NY.GDP.PCAP.CD,1850.91743054769
HPC,Heavily indebted poor countries (HIPC),NY.GDP.PCAP.CD,1121.48387311982
,High income,NY.GDP.PCAP.CD,46553.1150181383
IBD,IBRD only,NY.GDP.PCAP.CD,7699.23258826186
IBT,IDA & IBRD total,NY.GDP.PCAP.CD,6036.81374407089
IDB,IDA blend,NY.GDP.PCAP.CD,2234.83616206483
IDX,IDA only,NY.GDP.PCAP.CD,1332.31730178708
IDA,IDA total,NY.GDP.PCAP.CD,1647.52732460307
LTE,Late-demographic dividend,NY.GDP.PCAP.CD,12286.0846812169
LCN,Latin America & Caribbean,NY.GDP.PCAP.CD,9408.84820249156
LAC,Latin America & Caribbean (excluding high income),NY.GDP.PCAP.CD,9111.34927084769
TLA,Latin America & the Caribbean (IDA & IBRD countries),NY.GDP.PCAP.CD,9174.55690452428
LDC,Least developed countries: UN classification,NY.GDP.PCAP.CD,1299.36172423082
LMY,Low & middle income,NY.GDP.PCAP.CD,5741.78381882953
,Low income,NY.GDP.PCAP.CD,734.204117595357
,Lower middle income,NY.GDP.PCAP.CD,2493.61487371356
MEA,"Middle East, North Africa, Afghanistan & Pakistan",NY.GDP.PCAP.CD,6430.53553485753
MNA,"Middle East, North Africa, Afghanistan & Pakistan (excluding high income)",NY.GDP.PCAP.CD,3015.7557973385
TMN,"Middle East, North Africa, Afghanistan & Pakistan (IDA & IBRD)",NY.GDP.PCAP.CD,3010.19656726913
MIC,Middle income,NY.GDP.PCAP.CD,6248.00962014697
NAC,North America,NY.GDP.PCAP.CD,74535.6365392629
,Not classified,NY.GDP.PCAP.CD,
OED,OECD members,NY.GDP.PCAP.CD,43950.173710934
OSS,Other small states,NY.GDP.PCAP.CD,14320.7706776288
PSS,Pacific island small states,NY.GDP.PCAP.CD,3896.81060847355
PST,Post-demographic dividend,NY.GDP.PCAP.CD,50969.801641014
PRE,Pre-demographic dividend,NY.GDP.PCAP.CD,1770.15579032782
SST,Small states,NY.GDP.PCAP.CD,13636.4661190787
SAS,South Asia,NY.GDP.PCAP.CD,2385.08341896271
TSA,South Asia (IDA & IBRD),NY.GDP.PCAP.CD,2385.08341896271
SSF,Sub-Saharan Africa,NY.GDP.PCAP.CD,1865.11635260699
SSA,Sub-Saharan Africa (excluding high income),NY.GDP.PCAP.CD,1963.80330032374
TSS,Sub-Saharan Africa (IDA & IBRD countries),NY.GDP.PCAP.CD,1865.11635260699
,Upper middle income,NY.GDP.PCAP.CD,10324.5193124329
WLD,World,NY.GDP.PCAP.CD,12798.1658465319
AFG,Afghanistan,NY.GDP.PCAP.CD,357.261152798144
ALB,Albania,NY.GDP.PCAP.CD,7756.96188744253
DZA,Algeria,NY.GDP.PCAP.CD,4960.30334332888
ASM,American Samoa,NY.GDP.PCAP.CD,18017.4589383973
AND,Andorra,NY.GDP.PCAP.CD,42414.0479861228
AGO,Angola,NY.GDP.PCAP.CD,3682.1131513698
ATG,Antigua and Barbuda,NY.GDP.PCAP.CD,20105.1989085164
ARG,Argentina,NY.GDP.PCAP.CD,13962.1894087223
ARM,Armenia,NY.GDP.PCAP.CD,6571.97445545099
ABW,Aruba,NY.GDP.PCAP.CD,30975.9989121779
AUS,Australia,NY.GDP.PCAP.CD,65169.5191118657
AUT,Austria,NY.GDP.PCAP.CD,52336.7725223758
AZE,Azerbaijan,NY.GDP.PCAP.CD,7770.594223351
BHS,"Bahamas, The",NY.GDP.PCAP.CD,34957.1613279737
BHR,Bahrain,NY.GDP.PCAP.CD,30470.5219276023
BGD,Bangladesh,NY.GDP.PCAP.CD,2716.48592780431
BRB,Barbados,NY.GDP.PCAP.CD,24387.0387293761
BLR,Belarus,NY.GDP.PCAP.CD,7994.64806074889
BEL,Belgium,NY.GDP.PCAP.CD,50605.7496677086
BLZ,Belize,NY.GDP.PCAP.CD,7068.21728043145
BEN,Benin,NY.GDP.PCAP.CD,1266.42711031904
BMU,Bermuda,NY.GDP.PCAP.CD,121613.939983629
BTN,Bhutan,NY.GDP.PCAP.CD,3711.32767981591
BOL,Bolivia,NY.GDP.PCAP.CD,4219.46113742445
BIH,Bosnia and Herzegovina,NY.GDP.PCAP.CD,7655.59421024383
BWA,Botswana,NY.GDP.PCAP.CD,8328.7090572666
BRA,Brazil,NY.GDP.PCAP.CD,9281.33282136864
VGB,British Virgin Islands,NY.GDP.PCAP.CD,
BRN,Brunei Darussalam,NY.GDP.PCAP.CD,36632.9280952155
BGR,Bulgaria,NY.GDP.PCAP.CD,13999.1949530956
BFA,Burkina Faso,NY.GDP.PCAP.CD,827.330843486661
BDI,Burundi,NY.GDP.PCAP.CD,302.992505263552
CPV,Cabo Verde,NY.GDP.PCAP.CD,4323.31362032709
KHM,Cambodia,NY.GDP.PCAP.CD,2325.03050040841
CMR,Cameroon,NY.GDP.PCAP.CD,1604.87726954895
CAN,Canada,NY.GDP.PCAP.CD,56256.8007264015
CYM,Cayman Islands,NY.GDP.PCAP.CD,93030.7051447803
CAF,Central African Republic,NY.GDP.PCAP.CD,467.359825026238
TCD,Chad,NY.GDP.PCAP.CD,966.036468278568
CHI,Channel Islands,NY.GDP.PCAP.CD,67627.1417347907
CHL,Chile,NY.GDP.PCAP.CD,15405.6165774073
CHN,China,NY.GDP.PCAP.CD,12970.6056414327
COL,Colombia,NY.GDP.PCAP.CD,6680.44506854481
COM,Comoros,NY.GDP.PCAP.CD,1465.479642862
COD,"Congo, Dem. Rep.",NY.GDP.PCAP.CD,687.738587554685
COG,"Congo, Rep.",NY.GDP.PCAP.CD,2620.83804267402
CRI,Costa Rica,NY.GDP.PCAP.CD,13625.9008491328
CIV,Cote d'Ivoire,NY.GDP.PCAP.CD,2333.37128301259
HRV,Croatia,NY.GDP.PCAP.CD,18465.5414420364
CUB,Cuba,NY.GDP.PCAP.CD,
CUW,Curacao,NY.GDP.PCAP.CD,20057.1404747175
CYP,Cyprus,NY.GDP.PCAP.CD,33231.04296875
CZE,Czechia,NY.GDP.PCAP.CD,28282.2236715857
DNK,Denmark,NY.GDP.PCAP.CD,67781.0940939514
DJI,Djibouti,NY.GDP.PCAP.CD,3133.25779772463
DMA,Dominica,NY.GDP.PCAP.CD,9323.66089490562
DOM,Dominican Republic,NY.GDP.PCAP.CD,10104.2449349081
ECU,Ecuador,NY.GDP.PCAP.CD,6515.58528418336
EGY,"Egypt, Arab Rep.",NY.GDP.PCAP.CD,4233.30783744856
SLV,El Salvador,NY.GDP.PCAP.CD,5074.60210221806
GNQ,Equatorial Guinea,NY.GDP.PCAP.CD,7589.29964909381
ERI,Eritrea,NY.GDP.PCAP.CD,
EST,Estonia,NY.GDP.PCAP.CD,28340.3826549406
SWZ,Eswatini,NY.GDP.PCAP.CD,3894.1620089869
ETH,Ethiopia,NY.GDP.PCAP.CD,982.103161506992
FRO,Faroe Islands,NY.GDP.PCAP.CD,67058.2022648126
FJI,Fiji,NY.GDP.PCAP.CD,5414.12092119088
FIN,Finland,NY.GDP.PCAP.CD,50440.560224974
FRA,France,NY.GDP.PCAP.CD,40988.6396406579
PYF,French Polynesia,NY.GDP.PCAP.CD,20053.9569369322
GAB,Gabon,NY.GDP.PCAP.CD,8409.2074145028
GMB,"Gambia, The",NY.GDP.PCAP.CD,836.244875868476
GEO,Georgia,NY.GDP.PCAP.CD,6729.84659930283
DEU,Germany,NY.GDP.PCAP.CD,50506.5179638543
GHA,Ghana,NY.GDP.PCAP.CD,2229.89122647803
GIB,Gibraltar,NY.GDP.PCAP.CD,
GRC,Greece,NY.GDP.PCAP.CD,20886.5243087629
GRL,Greenland,NY.GDP.PCAP.CD,55635.0006491223
GRD,Grenada,NY.GDP.PCAP.CD,10469.3867012856
GUM,Guam,NY.GDP.PCAP.CD,41833.1517132825
GTM,Guatemala,NY.GDP.PCAP.CD,5358.70156997677
GIN,Guinea,NY.GDP.PCAP.CD,1416.59612011764
GNB,Guinea-Bissau,NY.GDP.PCAP.CD,883.199131457831
GUY,Guyana,NY.GDP.PCAP.CD,17913.4928066879
HTI,Haiti,NY.GDP.PCAP.CD,1760.62635668777
HND,Honduras,NY.GDP.PCAP.CD,3003.28996826399
HKG,"Hong Kong SAR, China",NY.GDP.PCAP.CD,48825.8441873536
HUN,Hungary,NY.GDP.PCAP.CD,18428.028825614
ISL,Iceland,NY.GDP.PCAP.CD,76350.4550416502
IND,India,NY.GDP.PCAP.CD,2347.44829434623
IDN,Indonesia,NY.GDP.PCAP.CD,4730.83484836107
IRN,"Iran, Islamic Rep.",NY.GDP.PCAP.CD,4721.20437099984
IRQ,Iraq,NY.GDP.PCAP.CD,6520.73154560584
IRL,Ireland,NY.GDP.PCAP.CD,105190.685952731
IMN,Isle of Man,NY.GDP.PCAP.CD,88328.548125887
ISR,Israel,NY.GDP.PCAP.CD,54949.621556429
ITA,Italy,NY.GDP.PCAP.CD,35653.9042103495
JAM,Jamaica,NY.GDP.PCAP.CD,6626.47502388538
JPN,Japan,NY.GDP.PCAP.CD,34065.6438962526
JOR,Jordan,NY.GDP.PCAP.CD,4332.25159897931
KAZ,Kazakhstan,NY.GDP.PCAP.CD,11255.3396437881
KEN,Kenya,NY.GDP.PCAP.CD,2109.56288513137
KIR,Kiribati,NY.GDP.PCAP.CD,2069.7671726925
PRK,"Korea, Dem. People's Rep.",NY.GDP.PCAP.CD,
KOR,"Korea, Rep.",NY.GDP.PCAP.CD,34822.4048404971
XKX,Kosovo,NY.GDP.PCAP.CD,5290.95006509706
KWT,Kuwait,NY.GDP.PCAP.CD,39981.7691035833
KGZ,Kyrgyz Republic,NY.GDP.PCAP.CD,1739.72018344174
LAO,Lao PDR,NY.GDP.PCAP.CD,2046.40440255621
LVA,Latvia,NY.GDP.PCAP.CD,20221.103686109
LBN,Lebanon,NY.GDP.PCAP.CD,3654.35845534878
LSO,Lesotho,NY.GDP.PCAP.CD,1030.12582947757
LBR,Liberia,NY.GDP.PCAP.CD,744.617175237387
LBY,Libya,NY.GDP.PCAP.CD,5986.63694851258
LIE,Liechtenstein,NY.GDP.PCAP.CD,188055.003235348
LTU,Lithuania,NY.GDP.PCAP.CD,25085.784063499
LUX,Luxembourg,NY.GDP.PCAP.CD,123719.658915996
MAC,"Macao SAR, China",NY.GDP.PCAP.CD,36806.891255461
MDG,Madagascar,NY.GDP.PCAP.CD,503.51453347296
MWI,Malawi,NY.GDP.PCAP.CD,604.269740360317
MYS,Malaysia,NY.GDP.PCAP.CD,11754.5678336248
MDV,Maldives,NY.GDP.PCAP.CD,11786.0191492983
MLI,Mali,NY.GDP.PCAP.CD,976.914116406452
MLT,Malta,NY.GDP.PCAP.CD,35638.8869457406
MHL,Marshall Islands,NY.GDP.PCAP.CD,6455.66062185762
MRT,Mauritania,NY.GDP.PCAP.CD,1960.35240077424
MUS,Mauritius,NY.GDP.PCAP.CD,10246.5017455553
MEX,Mexico,NY.GDP.PCAP.CD,11405.7940473759
FSM,"Micronesia, Fed. Sts.",NY.GDP.PCAP.CD,3710.12451611752
MDA,Moldova,NY.GDP.PCAP.CD,5744.29618434435
MCO,Monaco,NY.GDP.PCAP.CD,226052.001905201
MNG,Mongolia,NY.GDP.PCAP.CD,4993.51487463495
MNE,Montenegro,NY.GDP.PCAP.CD,10024.5435616209
MAR,Morocco,NY.GDP.PCAP.CD,3463.1376953125
MOZ,Mozambique,NY.GDP.PCAP.CD,578.251663751351
MMR,Myanmar,NY.GDP.PCAP.CD,1158.05005055976
NAM,Namibia,NY.GDP.PCAP.CD,4349.79908493314
NRU,Nauru,NY.GDP.PCAP.CD,12911.9086441381
NPL,Nepal,NY.GDP.PCAP.CD,1385.91066274851
NLD,Netherlands,NY.GDP.PCAP.CD,59123.318556487
NCL,New Caledonia,NY.GDP.PCAP.CD,33516.363085906
NZL,New Zealand,NY.GDP.PCAP.CD,49099.7090423358
NIC,Nicaragua,NY.GDP.PCAP.CD,2322.89053964583
NER,Niger,NY.GDP.PCAP.CD,609.745147574878
NGA,Nigeria,NY.GDP.PCAP.CD,2899.16047470324
MKD,North Macedonia,NY.GDP.PCAP.CD,7606.2375253797
MNP,Northern Mariana Islands,NY.GDP.PCAP.CD,23785.754590043
NOR,Norway,NY.GDP.PCAP.CD,109269.520580298
OMN,Oman,NY.GDP.PCAP.CD,23223.5829405935
PAK,Pakistan,NY.GDP.PCAP.CD,1538.3228133171
PLW,Palau,NY.GDP.PCAP.CD,13729.7602761496
PAN,Panama,NY.GDP.PCAP.CD,17378.6070017557
PNG,Papua New Guinea,NY.GDP.PCAP.CD,3102.28968594061
PRY,Paraguay,NY.GDP.PCAP.CD,6205.62595379319
PER,Peru,NY.GDP.PCAP.CD,7350.63034300417
PHL,Philippines,NY.GDP.PCAP.CD,3548.06930572116
POL,Poland,NY.GDP.PCAP.CD,18891.2121169279
PRT,Portugal,NY.GDP.PCAP.CD,24620.5197587181
PRI,Puerto Rico (US),NY.GDP.PCAP.CD,35353.6821570014
QAT,Qatar,NY.GDP.PCAP.CD,88701.4689763536
ROU,Romania,NY.GDP.PCAP.CD,15503.551804598
RUS,Russian Federation,NY.GDP.PCAP.CD,15619.6142578125
RWA,Rwanda,NY.GDP.PCAP.CD,975.469323735369
WSM,Samoa,NY.GDP.PCAP.CD,4132.44717734444
SMR,San Marino,NY.GDP.PCAP.CD,54190.8417700372
STP,Sao Tome and Principe,NY.GDP.PCAP.CD,2389.73729784737
SAU,Saudi Arabia,NY.GDP.PCAP.CD,38510.2276211037
SEN,Senegal,NY.GDP.PCAP.CD,1574.0281059306
SRB,Serbia,NY.GDP.PCAP.CD,10024.8191112596
SYC,Seychelles,NY.GDP.PCAP.CD,16836.6721895387
SLE,Sierra Leone,NY.GDP.PCAP.CD,860.371067916096
SGP,Singapore,NY.GDP.PCAP.CD,90299.0694637269
SXM,Sint Maarten (Dutch part),NY.GDP.PCAP.CD,37793.1284399157
SVK,Slovak Republic,NY.GDP.PCAP.CD,21317.7943982363
SVN,Slovenia,NY.GDP.PCAP.CD,28360.3041467268
SLB,Solomon Islands,NY.GDP.PCAP.CD,1877.78104490956
SOM,"Somalia, Fed. Rep.",NY.GDP.PCAP.CD,573.141165798229
ZAF,South Africa,NY.GDP.PCAP.CD,6534.24867783397
SSD,South Sudan,NY.GDP.PCAP.CD,
ESP,Spain,NY.GDP.PCAP.CD,30319.4987196616
LKA,Sri Lanka,NY.GDP.PCAP.CD,3342.63650253855
KNA,St. Kitts and Nevis,NY.GDP.PCAP.CD,21011.5744209816
LCA,St. Lucia,NY.GDP.PCAP.CD,13103.8243147472
MAF,St. Martin (French part),NY.GDP.PCAP.CD,
VCT,St. Vincent and the Grenadines,NY.GDP.PCAP.CD,9693.55867833025
SDN,Sudan,NY.GDP.PCAP.CD,1046.24084472656
SUR,Suriname,NY.GDP.PCAP.CD,6084.43876736445
SWE,Sweden,NY.GDP.PCAP.CD,54836.8907235124
CHE,Switzerland,NY.GDP.PCAP.CD,94394.5106803525
SYR,Syrian Arab Republic,NY.GDP.PCAP.CD,1051.67149587463
TJK,Tajikistan,NY.GDP.PCAP.CD,1052.17949484894
TZA,Tanzania,NY.GDP.PCAP.CD,1207.52062988281
THA,Thailand,NY.GDP.PCAP.CD,6909.35281815827
TLS,Timor-Leste,NY.GDP.PCAP.CD,2343.24954740187
TGO,Togo,NY.GDP.PCAP.CD,951.232378690387
TON,Tonga,NY.GDP.PCAP.CD,5298.01941509951
TTO,Trinidad and Tobago,NY.GDP.PCAP.CD,20750.5202434652
TUN,Tunisia,NY.GDP.PCAP.CD,3707.29283414381
TUR,Turkiye,NY.GDP.PCAP.CD,10897.8397861365
TKM,Turkmenistan,NY.GDP.PCAP.CD,5837.84224538947
TCA,Turks and Caicos Islands,NY.GDP.PCAP.CD,31280.5418020808
TUV,Tuvalu,NY.GDP.PCAP.CD,5911.32727055301
UGA,Uganda,NY.GDP.PCAP.CD,963.067314117178
UKR,Ukraine,NY.GDP.PCAP.CD,4199.6708984375
ARE,United Arab Emirates,NY.GDP.PCAP.CD,50759.7589231191
GBR,United Kingdom,NY.GDP.PCAP.CD,47057.043229179
USA,United States,NY.GDP.PCAP.CD,76657.2488844403
URY,Uruguay,NY.GDP.PCAP.CD,20818.6146091144
UZB,Uzbekistan,NY.GDP.PCAP.CD,2578.66689394219
VUT,Vanuatu,NY.GDP.PCAP.CD,3370.21191956953
VEN,"Venezuela, RB",NY.GDP.PCAP.CD,3155.04207099687
VNM,Viet Nam,NY.GDP.PCAP.CD,4147.69777213621
VIR,Virgin Islands (U.S.),NY.GDP.PCAP.CD,44320.909185774
PSE,West Bank and Gaza,NY.GDP.PCAP.CD,3799.95527015163
YEM,"Yemen, Rep.",NY.GDP.PCAP.CD,
ZMB,Zambia,NY.GDP.PCAP.CD,1447.12310138035
ZWE,Zimbabwe,NY.GDP.PCAP.CD,2536.40050223076
AFE,Africa Eastern and Southern,NY.GDP.MKTP.CD,1228967879390.01
AFW,Africa Western and Central,NY.GDP.MKTP.CD,1063649130876.99
ARB,Arab World,NY.GDP.MKTP.CD,3747416641077.45
CSS,Caribbean small states,NY.GDP.MKTP.CD,78506430710.7309
CEB,Central Europe and the Baltics,NY.GDP.MKTP.CD,1954419184114.96
EAR,Early-demographic dividend,NY.GDP.MKTP.CD,14034689936337.3
EAS,East Asia & Pacific,NY.GDP.MKTP.CD,31266291368260.6
EAP,East Asia & Pacific (excluding high income),NY.GDP.MKTP.CD,21563881384135.8
TEA,East Asia & Pacific (IDA & IBRD countries),NY.GDP.MKTP.CD,21537214774462.6
EMU,Euro area,NY.GDP.MKTP.CD,14488160081806.7
ECS,Europe & Central Asia,NY.GDP.MKTP.CD,25798700454390.6
ECA,Europe & Central Asia (excluding high income),NY.GDP.MKTP.CD,1820242864725.09
TEC,Europe & Central Asia (IDA & IBRD countries),NY.GDP.MKTP.CD,5264484546456.79
EUU,European Union,NY.GDP.MKTP.CD,17023612496380.4
FCS,Fragile and conflict affected situations,NY.GDP.MKTP.CD,1918272363969.18
HPC,Heavily indebted poor countries (HIPC),NY.GDP.MKTP.CD,1002501492801.3
,High income,NY.GDP.MKTP.CD,65081334214971.6
IBD,IBRD only,NY.GDP.MKTP.CD,37943329554311.5
IBT,IDA & IBRD total,NY.GDP.MKTP.CD,41018485584725.7
IDB,IDA blend,NY.GDP.MKTP.CD,1456880573683.68
IDX,IDA only,NY.GDP.MKTP.CD,1618275456730.5
IDA,IDA total,NY.GDP.MKTP.CD,3075156030414.19
LTE,Late-demographic dividend,NY.GDP.MKTP.CD,28550398557203.3
LCN,Latin America & Caribbean,NY.GDP.MKTP.CD,6144995160894.64
LAC,Latin America & Caribbean (excluding high income),NY.GDP.MKTP.CD,5336050967302.51
TLA,Latin America & the Caribbean (IDA & IBRD countries),NY.GDP.MKTP.CD,5851879329574.93
LDC,Least developed countries: UN classification,NY.GDP.MKTP.CD,1474237106700.91
LMY,Low & middle income,NY.GDP.MKTP.CD,36965295357847.5
,Low income,NY.GDP.MKTP.CD,434268149844.662
,Lower middle income,NY.GDP.MKTP.CD,7588963714927.96
MEA,"Middle East, North Africa, Afghanistan & Pakistan",NY.GDP.MKTP.CD,5030925398736.26
MNA,"Middle East, North Africa, Afghanistan & Pakistan (excluding high income)",NY.GDP.MKTP.CD,2160815136190.98
TMN,"Middle East, North Africa, Afghanistan & Pakistan (IDA & IBRD)",NY.GDP.MKTP.CD,2141649636190.98
MIC,Middle income,NY.GDP.MKTP.CD,36528767758177.8
NAC,North America,NY.GDP.MKTP.CD,27803134368745.3
,Not classified,NY.GDP.MKTP.CD,
OED,OECD members,NY.GDP.MKTP.CD,60588200976081.3
OSS,Other small states,NY.GDP.MKTP.CD,181859538439.061
PSS,Pacific island small states,NY.GDP.MKTP.CD,10350119919.8256
PST,Post-demographic dividend,NY.GDP.MKTP.CD,56953387691844.6
PRE,Pre-demographic dividend,NY.GDP.MKTP.CD,1860790512304.23
SST,Small states,NY.GDP.MKTP.CD,270716089069.618
SAS,South Asia,NY.GDP.MKTP.CD,3930640287773.46
TSA,South Asia (IDA & IBRD),NY.GDP.MKTP.CD,3930640287773.46
SSF,Sub-Saharan Africa,NY.GDP.MKTP.CD,2292617010267.0
SSA,Sub-Saharan Africa (excluding high income),NY.GDP.MKTP.CD,2167458359012.26
TSS,Sub-Saharan Africa (IDA & IBRD countries),NY.GDP.MKTP.CD,2292617010267.0
,Upper middle income,NY.GDP.MKTP.CD,28940725480186.1
WLD,World,NY.GDP.MKTP.CD,102251524725531.0
AFG,Afghanistan,NY.GDP.MKTP.CD,14497243872.1337
ALB,Albania,NY.GDP.MKTP.CD,19017247013.8821
DZA,Algeria,NY.GDP.MKTP.CD,225581644702.568
ASM,American Samoa,NY.GDP.MKTP.CD,871000000.0
AND,Andorra,NY.GDP.MKTP.CD,3380611694.73392
AGO,Angola,NY.GDP.MKTP.CD,131212208930.344
ATG,Antigua and Barbuda,NY.GDP.MKTP.CD,1866566666.66667
ARG,Argentina,NY.GDP.MKTP.CD,633993756301.08
ARM,Armenia,NY.GDP.MKTP.CD,19513506553.1251
ABW,Aruba,NY.GDP.MKTP.CD,3324034443.26581
AUS,Australia,NY.GDP.MKTP.CD,1695627535475.8
AUT,Austria,NY.GDP.MKTP.CD,473221298968.216
AZE,Azerbaijan,NY.GDP.MKTP.CD,78807470588.2353
BHS,"Bahamas, The",NY.GDP.MKTP.CD,13896800000.0
BHR,Bahrain,NY.GDP.MKTP.CD,46458191489.3617
BGD,Bangladesh,NY.GDP.MKTP.CD,460131689083.083
BRB,Barbados,NY.GDP.MKTP.CD,6884900000.0
BLR,Belarus,NY.GDP.MKTP.CD,73775179924.603
BEL,Belgium,NY.GDP.MKTP.CD,591085783326.267
BLZ,Belize,NY.GDP.MKTP.CD,2846604350.0
BEN,Benin,NY.GDP.MKTP.CD,17425405090.862
BMU,Bermuda,NY.GDP.MKTP.CD,7874381000.0
BTN,Bhutan,NY.GDP.MKTP.CD,2898227743.75576
BOL,Bolivia,NY.GDP.MKTP.CD,50959081953.6903
BIH,Bosnia and Herzegovina,NY.GDP.MKTP.CD,24534663636.1778
BWA,Botswana,NY.GDP.MKTP.CD,20321150599.1523
BRA,Brazil,NY.GDP.MKTP.CD,1951923832083.87
VGB,British Virgin Islands,NY.GDP.MKTP.CD,
BRN,Brunei Darussalam,NY.GDP.MKTP.CD,16681536466.7183
BGR,Bulgaria,NY.GDP.MKTP.CD,90506153293.6733
BFA,Burkina Faso,NY.GDP.MKTP.CD,18622421394.6133
BDI,Burundi,NY.GDP.MKTP.CD,4036192552.88879
CPV,Cabo Verde,NY.GDP.MKTP.CD,2247003344.34242
KHM,Cambodia,NY.GDP.MKTP.CD,39994532959.6074
CMR,Cameroon,NY.GDP.MKTP.CD,44347206072.5513
CAN,Canada,NY.GDP.MKTP.CD,2190411080134.32
CYM,Cayman Islands,NY.GDP.MKTP.CD,6660161212.01997
CAF,Central African Republic,NY.GDP.MKTP.CD,2382618615.01694
TCD,Chad,NY.GDP.MKTP.CD,17828508289.6049
CHI,Channel Islands,NY.GDP.MKTP.CD,11308272505.183
CHL,Chile,NY.GDP.MKTP.CD,301226575540.242
CHN,China,NY.GDP.MKTP.CD,18316765021690.2
COL,Colombia,NY.GDP.MKTP.CD,345632492851.448
COM,Comoros,NY.GDP.MKTP.CD,1222485532.31976
COD,"Congo, Dem. Rep.",NY.GDP.MKTP.CD,70422346142.2023
COG,"Congo, Rep.",NY.GDP.MKTP.CD,15817030154.6941
CRI,Costa Rica,NY.GDP.MKTP.CD,69243626028.5936
CIV,Cote d'Ivoire,NY.GDP.MKTP.CD,70922824813.9102
HRV,Croatia,NY.GDP.MKTP.CD,71196498671.1145
CUB,Cuba,NY.GDP.MKTP.CD,
CUW,Curacao,NY.GDP.MKTP.CD,3075180834.72417
CYP,Cyprus,NY.GDP.MKTP.CD,31218038929.0919
CZE,Czechia,NY.GDP.MKTP.CD,301831228325.556
DNK,Denmark,NY.GDP.MKTP.CD,400114306337.077
DJI,Djibouti,NY.GDP.MKTP.CD,3562814908.76149
DMA,Dominica,NY.GDP.MKTP.CD,623062962.962963
DOM,Dominican Republic,NY.GDP.MKTP.CD,113478087134.8
ECU,Ecuador,NY.GDP.MKTP.CD,116133121000.0
EGY,"Egypt, Arab Rep.",NY.GDP.MKTP.CD,476747720364.742
SLV,El Salvador,NY.GDP.MKTP.CD,31870120000.0
GNQ,Equatorial Guinea,NY.GDP.MKTP.CD,13687643435.6249
ERI,Eritrea,NY.GDP.MKTP.CD,
EST,Estonia,NY.GDP.MKTP.CD,38226641740.29
SWZ,Eswatini,NY.GDP.MKTP.CD,4746660273.50829
ETH,Ethiopia,NY.GDP.MKTP.CD,123140304666.0
FRO,Faroe Islands,NY.GDP.MKTP.CD,3615241800.50058
FJI,Fiji,NY.GDP.MKTP.CD,4977861885.60316
FIN,Finland,NY.GDP.MKTP.CD,280253099309.34
FRA,France,NY.GDP.MKTP.CD,2794788137066.94
PYF,French Polynesia,NY.GDP.MKTP.CD,5622688338.06317
GAB,Gabon,NY.GDP.MKTP.CD,20440655695.1804
GMB,"Gambia, The",NY.GDP.MKTP.CD,2204734527.88096
GEO,Georgia,NY.GDP.MKTP.CD,24984568959.605
DEU,Germany,NY.GDP.MKTP.CD,4201021706478.62
GHA,Ghana,NY.GDP.MKTP.CD,73919003209.9866
GIB,Gibraltar,NY.GDP.MKTP.CD,
GRC,Greece,NY.GDP.MKTP.CD,217990189600.69
GRL,Greenland,NY.GDP.MKTP.CD,3152334771.77992
GRD,Grenada,NY.GDP.MKTP.CD,1224007407.40741
GUM,Guam,NY.GDP.MKTP.CD,6910000000.0
GTM,Guatemala,NY.GDP.MKTP.CD,95641446500.6523
GIN,Guinea,NY.GDP.MKTP.CD,19910452541.9219
GNB,Guinea-Bissau,NY.GDP.MKTP.CD,1859601384.05928
GUY,Guyana,NY.GDP.MKTP.CD,14718388489.2086
HTI,Haiti,NY.GDP.MKTP.CD,20253551920.5516
HND,Honduras,NY.GDP.MKTP.CD,31426041806.7985
HKG,"Hong Kong SAR, China",NY.GDP.MKTP.CD,358679533984.718
HUN,Hungary,NY.GDP.MKTP.CD,177002580544.155
ISL,Iceland,NY.GDP.MKTP.CD,29166102877.2755
IND,India,NY.GDP.MKTP.CD,3346107287730.93
IDN,Indonesia,NY.GDP.MKTP.CD,1319101183380.15
IRN,"Iran, Islamic Rep.",NY.GDP.MKTP.CD,422662261525.665
IRQ,Iraq,NY.GDP.MKTP.CD,287372232137.931
IRL,Ireland,NY.GDP.MKTP.CD,548341794599.09
IMN,Isle of Man,NY.GDP.MKTP.CD,7431257410.92713
ISR,Israel,NY.GDP.MKTP.CD,525181008025.57
ITA,Italy,NY.GDP.MKTP.CD,2104067630319.46
JAM,Jamaica,NY.GDP.MKTP.CD,18813516805.214
JPN,Japan,NY.GDP.MKTP.CD,4262463317796.53
JOR,Jordan,NY.GDP.MKTP.CD,48764963380.2817
KAZ,Kazakhstan,NY.GDP.MKTP.CD,225496328925.494
KEN,Kenya,NY.GDP.MKTP.CD,114448978152.637
KIR,Kiribati,NY.GDP.MKTP.CD,270040453.254018
PRK,"Korea, Dem. People's Rep.",NY.GDP.MKTP.CD,
KOR,"Korea, Rep.",NY.GDP.MKTP.CD,1799363116866.52
XKX,Kosovo,NY.GDP.MKTP.CD,9354907646.29785
KWT,Kuwait,NY.GDP.MKTP.CD,183502046693.878
KGZ,Kyrgyz Republic,NY.GDP.MKTP.CD,12134931017.9465
LAO,Lao PDR,NY.GDP.MKTP.CD,15468785203.7532
LVA,Latvia,NY.GDP.MKTP.CD,38003198508.9107
LBN,Lebanon,NY.GDP.MKTP.CD,20992421948.8081
LSO,Lesotho,NY.GDP.MKTP.CD,2354980960.02697
LBR,Liberia,NY.GDP.MKTP.CD,4001047000.0
LBY,Libya,NY.GDP.MKTP.CD,43246297921.8499
LIE,Liechtenstein,NY.GDP.MKTP.CD,7426856242.7736
LTU,Lithuania,NY.GDP.MKTP.CD,71033884499.7824
LUX,Luxembourg,NY.GDP.MKTP.CD,80801680397.0139
MAC,"Macao SAR, China",NY.GDP.MKTP.CD,24929307447.3237
MDG,Madagascar,NY.GDP.MKTP.CD,15325603272.6097
MWI,Malawi,NY.GDP.MKTP.CD,12429059928.102
MYS,Malaysia,NY.GDP.MKTP.CD,407830525989.553
MDV,Maldives,NY.GDP.MKTP.CD,6177123352.26211
MLI,Mali,NY.GDP.MKTP.CD,22539987718.7642
MLT,Malta,NY.GDP.MKTP.CD,18928276162.4131
MHL,Marshall Islands,NY.GDP.MKTP.CD,258723510.742188
MRT,Mauritania,NY.GDP.MKTP.CD,9557966698.25369
MUS,Mauritius,NY.GDP.MKTP.CD,12936444123.3037
MEX,Mexico,NY.GDP.MKTP.CD,1466934724293.06
FSM,"Micronesia, Fed. Sts.",NY.GDP.MKTP.CD,415956900.0
MDA,Moldova,NY.GDP.MKTP.CD,14525337523.7271
MCO,Monaco,NY.GDP.MKTP.CD,8800430486.17137
MNG,Mongolia,NY.GDP.MKTP.CD,17146471713.748
MNE,Montenegro,NY.GDP.MKTP.CD,6251215144.13471
MAR,Morocco,NY.GDP.MKTP.CD,131245312804.483
MOZ,Mozambique,NY.GDP.MKTP.CD,18883528581.3734
MMR,Myanmar,NY.GDP.MKTP.CD,62253049903.28
NAM,Namibia,NY.GDP.MKTP.CD,12569449123.3661
NRU,Nauru,NY.GDP.MKTP.CD,152373433.909474
NPL,Nepal,NY.GDP.MKTP.CD,41182939600.6209
NLD,Netherlands,NY.GDP.MKTP.CD,1046540797548.64
NCL,New Caledonia,NY.GDP.MKTP.CD,9623318718.31459
NZL,New Zealand,NY.GDP.MKTP.CD,249509991440.438
NIC,Nicaragua,NY.GDP.MKTP.CD,15634572502.2294
NER,Niger,NY.GDP.MKTP.CD,15433852712.2963
NGA,Nigeria,NY.GDP.MKTP.CD,646950257577.814
MKD,North Macedonia,NY.GDP.MKTP.CD,13932436550.0883
MNP,Northern Mariana Islands,NY.GDP.MKTP.CD,1096000000.0
NOR,Norway,NY.GDP.MKTP.CD,596297651035.798
OMN,Oman,NY.GDP.MKTP.CD,109852795838.752
PAK,Pakistan,NY.GDP.MKTP.CD,374890295666.694
PLW,Palau,NY.GDP.MKTP.CD,243826812.744141
PAN,Panama,NY.GDP.MKTP.CD,76479304470.9375
PNG,Papua New Guinea,NY.GDP.MKTP.CD,31653185952.609
PRY,Paraguay,NY.GDP.MKTP.CD,41952910858.0846
PER,Peru,NY.GDP.MKTP.CD,246065570308.155
PHL,Philippines,NY.GDP.MKTP.CD,404353369604.631
POL,Poland,NY.GDP.MKTP.CD,695607470875.276
PRT,Portugal,NY.GDP.MKTP.CD,256898677175.024
PRI,Puerto Rico (US),NY.GDP.MKTP.CD,113843700000.0
QAT,Qatar,NY.GDP.MKTP.CD,235709340659.341
ROU,Romania,NY.GDP.MKTP.CD,295319437556.988
RUS,Russian Federation,NY.GDP.MKTP.CD,2291612121334.64
RWA,Rwanda,NY.GDP.MKTP.CD,13316161002.3912
WSM,Samoa,NY.GDP.MKTP.CD,889554711.842341
SMR,San Marino,NY.GDP.MKTP.CD,1829211863.9476
STP,Sao Tome and Principe,NY.GDP.MKTP.CD,540809499.189348
SAU,Saudi Arabia,NY.GDP.MKTP.CD,1239075200000.0
SEN,Senegal,NY.GDP.MKTP.CD,27783332222.6759
SRB,Serbia,NY.GDP.MKTP.CD,66809895701.2152
SYC,Seychelles,NY.GDP.MKTP.CD,2018346588.73752
SLE,Sierra Leone,NY.GDP.MKTP.CD,7121125277.52542
SGP,Singapore,NY.GDP.MKTP.CD,509017841146.557
SXM,Sint Maarten (Dutch part),NY.GDP.MKTP.CD,1592564639.32961
SVK,Slovak Republic,NY.GDP.MKTP.CD,115792972358.209
SVN,Slovenia,NY.GDP.MKTP.CD,59899117741.0022
SLB,Solomon Islands,NY.GDP.MKTP.CD,1466670929.62333
SOM,"Somalia, Fed. Rep.",NY.GDP.MKTP.CD,10203000000.0
ZAF,South Africa,NY.GDP.MKTP.CD,407596043067.885
SSD,South Sudan,NY.GDP.MKTP.CD,
ESP,Spain,NY.GDP.MKTP.CD,1448850658406.62
LKA,Sri Lanka,NY.GDP.MKTP.CD,74143020262.8076
KNA,St. Kitts and Nevis,NY.GDP.MKTP.CD,981429629.62963
LCA,St. Lucia,NY.GDP.MKTP.CD,2342714814.81481
MAF,St. Martin (French part),NY.GDP.MKTP.CD,
VCT,St. Vincent and the Grenadines,NY.GDP.MKTP.CD,989188888.888889
SDN,Sudan,NY.GDP.MKTP.CD,51666875363.0963
SUR,Suriname,NY.GDP.MKTP.CD,3791603200.0259
SWE,Sweden,NY.GDP.MKTP.CD,575071237640.921
CHE,Switzerland,NY.GDP.MKTP.CD,828508926958.393
SYR,Syrian Arab Republic,NY.GDP.MKTP.CD,23622827079.5047
TJK,Tajikistan,NY.GDP.MKTP.CD,10713525200.3998
TZA,Tanzania,NY.GDP.MKTP.CD,75749121842.9149
THA,Thailand,NY.GDP.MKTP.CD,495644697587.661
TLS,Timor-Leste,NY.GDP.MKTP.CD,3208599889.00965
TGO,Togo,NY.GDP.MKTP.CD,8646453099.4124
TON,Tonga,NY.GDP.MKTP.CD,556514555.400882
TTO,Trinidad and Tobago,NY.GDP.MKTP.CD,28341164301.126
TUN,Tunisia,NY.GDP.MKTP.CD,44929920092.7955
TUR,Turkiye,NY.GDP.MKTP.CD,926097476913.818
TKM,Turkmenistan,NY.GDP.MKTP.CD,42208726137.7192
TCA,Turks and Caicos Islands,NY.GDP.MKTP.CD,1434119000.0
TUV,Tuvalu,NY.GDP.MKTP.CD,59065982.0873657
UGA,Uganda,NY.GDP.MKTP.CD,45565333210.9108
UKR,Ukraine,NY.GDP.MKTP.CD,161989520721.19
ARE,United Arab Emirates,NY.GDP.MKTP.CD,511403403675.97
GBR,United Kingdom,NY.GDP.MKTP.CD,3181244350465.41
USA,United States,NY.GDP.MKTP.CD,25604848907611.0
URY,Uruguay,NY.GDP.MKTP.CD,70594110920.0358
UZB,Uzbekistan,NY.GDP.MKTP.CD,90095926567.4359
VUT,Vanuatu,NY.GDP.MKTP.CD,1055031360.57356
VEN,"Venezuela, RB",NY.GDP.MKTP.CD,89013255584.7499
VNM,Viet Nam,NY.GDP.MKTP.CD,413445230668.578
VIR,Virgin Islands (U.S.),NY.GDP.MKTP.CD,4672000000.0
PSE,West Bank and Gaza,NY.GDP.MKTP.CD,19165500000.0
YEM,"Yemen, Rep.",NY.GDP.MKTP.CD,
ZMB,Zambia,NY.GDP.MKTP.CD,29163782140.4858
ZWE,Zimbabwe,NY.GDP.MKTP.CD,40757561708.7741
AFE,Africa Eastern and Southern,SP.POP.TOTL,731821393.0
AFW,Africa Western and Central,SP.POP.TOTL,497387180.0
ARB,Arab World,SP.POP.TOTL,471352066.0
CSS,Caribbean small states,SP.POP.TOTL,4497310.0
CEB,Central Europe and the Baltics,SP.POP.TOTL,100071871.0
EAR,Early-demographic dividend,SP.POP.TOTL,3470644834.0
EAS,East Asia & Pacific,SP.POP.TOTL,2379617118.0
EAP,East Asia & Pacific (excluding high income),SP.POP.TOTL,2133560408.0
TEA,East Asia & Pacific (IDA & IBRD countries),SP.POP.TOTL,2107261123.0
EMU,Euro area,SP.POP.TOTL,348200155.0
ECS,Europe & Central Asia,SP.POP.TOTL,924234471.0
ECA,Europe & Central Asia (excluding high income),SP.POP.TOTL,250514347.0
TEC,Europe & Central Asia (IDA & IBRD countries),SP.POP.TOTL,460942269.0
EUU,European Union,SP.POP.TOTL,447202673.0
FCS,Fragile and conflict affected situations,SP.POP.TOTL,1036390026.0
HPC,Heavily indebted poor countries (HIPC),SP.POP.TOTL,893906294.0
,High income,SP.POP.TOTL,1398001706.0
IBD,IBRD only,SP.POP.TOTL,4928196300.0
IBT,IDA & IBRD total,SP.POP.TOTL,6794724390.0
IDB,IDA blend,SP.POP.TOTL,651895919.0
IDX,IDA only,SP.POP.TOTL,1214632171.0
IDA,IDA total,SP.POP.TOTL,1866528090.0
LTE,Late-demographic dividend,SP.POP.TOTL,2323799591.0
LCN,Latin America & Caribbean,SP.POP.TOTL,653108120.0
LAC,Latin America & Caribbean (excluding high income),SP.POP.TOTL,585648822.0
TLA,Latin America & the Caribbean (IDA & IBRD countries),SP.POP.TOTL,637837815.0
LDC,Least developed countries: UN classification,SP.POP.TOTL,1134585604.0
LMY,Low & middle income,SP.POP.TOTL,6437946207.0
,Low income,SP.POP.TOTL,591481496.0
,Lower middle income,SP.POP.TOTL,3043358377.0
MEA,"Middle East, North Africa, Afghanistan & Pakistan",SP.POP.TOTL,782349366.0
MNA,"Middle East, North Africa, Afghanistan & Pakistan (excluding high income)",SP.POP.TOTL,716508657.0
TMN,"Middle East, North Africa, Afghanistan & Pakistan (IDA & IBRD)",SP.POP.TOTL,711465045.0
MIC,Middle income,SP.POP.TOTL,5846464711.0
NAC,North America,SP.POP.TOTL,373018004.0
,Not classified,SP.POP.TOTL,
OED,OECD members,SP.POP.TOTL,1378565677.0
OSS,Other small states,SP.POP.TOTL,12699005.0
PSS,Pacific island small states,SP.POP.TOTL,2656049.0
PST,Post-demographic dividend,SP.POP.TOTL,1117394729.0
PRE,Pre-demographic dividend,SP.POP.TOTL,1051201551.0
SST,Small states,SP.POP.TOTL,19852364.0
SAS,South Asia,SP.POP.TOTL,1648009565.0
TSA,South Asia (IDA & IBRD),SP.POP.TOTL,1648009565.0
SSF,Sub-Saharan Africa,SP.POP.TOTL,1229208573.0
SSA,Sub-Saharan Africa (excluding high income),SP.POP.TOTL,1103704408.0
TSS,Sub-Saharan Africa (IDA & IBRD countries),SP.POP.TOTL,1229208573.0
,Upper middle income,SP.POP.TOTL,2803106334.0
WLD,World,SP.POP.TOTL,7989545217.0
AFG,Afghanistan,SP.POP.TOTL,40578842.0
ALB,Albania,SP.POP.TOTL,2451636.0
DZA,Algeria,SP.POP.TOTL,45477389.0
ASM,American Samoa,SP.POP.TOTL,48342.0
AND,Andorra,SP.POP.TOTL,79705.0
AGO,Angola,SP.POP.TOTL,35635029.0
ATG,Antigua and Barbuda,SP.POP.TOTL,92840.0
ARG,Argentina,SP.POP.TOTL,45407904.0
ARM,Armenia,SP.POP.TOTL,2969200.0
ABW,Aruba,SP.POP.TOTL,107310.0
AUS,Australia,SP.POP.TOTL,26018721.0
AUT,Austria,SP.POP.TOTL,9041851.0
AZE,Azerbaijan,SP.POP.TOTL,10141756.0
BHS,"Bahamas, The",SP.POP.TOTL,397538.0
BHR,Bahrain,SP.POP.TOTL,1524693.0
BGD,Bangladesh,SP.POP.TOTL,169384897.0
BRB,Barbados,SP.POP.TOTL,282318.0
BLR,Belarus,SP.POP.TOTL,9228071.0
BEL,Belgium,SP.POP.TOTL,11680210.0
BLZ,Belize,SP.POP.TOTL,402733.0
BEN,Benin,SP.POP.TOTL,13759501.0
BMU,Bermuda,SP.POP.TOTL,64749.0
BTN,Bhutan,SP.POP.TOTL,780914.0
BOL,Bolivia,SP.POP.TOTL,12077154.0
BIH,Bosnia and Herzegovina,SP.POP.TOTL,3204802.0
BWA,Botswana,SP.POP.TOTL,2439892.0
BRA,Brazil,SP.POP.TOTL,210306415.0
VGB,British Virgin Islands,SP.POP.TOTL,38319.0
BRN,Brunei Darussalam,SP.POP.TOTL,455370.0
BGR,Bulgaria,SP.POP.TOTL,6465097.0
BFA,Burkina Faso,SP.POP.TOTL,22509038.0
BDI,Burundi,SP.POP.TOTL,13321097.0
CPV,Cabo Verde,SP.POP.TOTL,519741.0
KHM,Cambodia,SP.POP.TOTL,17201724.0
CMR,Cameroon,SP.POP.TOTL,27632771.0
CAN,Canada,SP.POP.TOTL,38935934.0
CYM,Cayman Islands,SP.POP.TOTL,71591.0
CAF,Central African Republic,SP.POP.TOTL,5098039.0
TCD,Chad,SP.POP.TOTL,18455316.0
CHI,Channel Islands,SP.POP.TOTL,167215.0
CHL,Chile,SP.POP.TOTL,19553036.0
CHN,China,SP.POP.TOTL,1412175000.0
COL,Colombia,SP.POP.TOTL,51737944.0
COM,Comoros,SP.POP.TOTL,834188.0
COD,"Congo, Dem. Rep.",SP.POP.TOTL,102396968.0
COG,"Congo, Rep.",SP.POP.TOTL,6035104.0
CRI,Costa Rica,SP.POP.TOTL,5081765.0
CIV,Cote d'Ivoire,SP.POP.TOTL,30395002.0
HRV,Croatia,SP.POP.TOTL,3855641.0
CUB,Cuba,SP.POP.TOTL,11059820.0
CUW,Curacao,SP.POP.TOTL,153321.0
CYP,Cyprus,SP.POP.TOTL,1331370.0
CZE,Czechia,SP.POP.TOTL,10672118.0
DNK,Denmark,SP.POP.TOTL,5903037.0
DJI,Djibouti,SP.POP.TOTL,1137096.0
DMA,Dominica,SP.POP.TOTL,66826.0
DOM,Dominican Republic,SP.POP.TOTL,11230734.0
ECU,Ecuador,SP.POP.TOTL,17823897.0
EGY,"Egypt, Arab Rep.",SP.POP.TOTL,112618250.0
SLV,El Salvador,SP.POP.TOTL,6280319.0
GNQ,Equatorial Guinea,SP.POP.TOTL,1803545.0
ERI,Eritrea,SP.POP.TOTL,3409447.0
EST,Estonia,SP.POP.TOTL,1348840.0
SWZ,Eswatini,SP.POP.TOTL,1218917.0
ETH,Ethiopia,SP.POP.TOTL,125384287.0
FRO,Faroe Islands,SP.POP.TOTL,53912.0
FJI,Fiji,SP.POP.TOTL,919422.0
FIN,Finland,SP.POP.TOTL,5556106.0
FRA,France,SP.POP.TOTL,68184457.0
PYF,French Polynesia,SP.POP.TOTL,280378.0
GAB,Gabon,SP.POP.TOTL,2430747.0
GMB,"Gambia, The",SP.POP.TOTL,2636470.0
GEO,Georgia,SP.POP.TOTL,3712502.0
DEU,Germany,SP.POP.TOTL,83177813.0
GHA,Ghana,SP.POP.TOTL,33149152.0
GIB,Gibraltar,SP.POP.TOTL,37609.0
GRC,Greece,SP.POP.TOTL,10436882.0
GRL,Greenland,SP.POP.TOTL,56661.0
GRD,Grenada,SP.POP.TOTL,116913.0
GUM,Guam,SP.POP.TOTL,165180.0
GTM,Guatemala,SP.POP.TOTL,17847877.0
GIN,Guinea,SP.POP.TOTL,14055137.0
GNB,Guinea-Bissau,SP.POP.TOTL,2105529.0
GUY,Guyana,SP.POP.TOTL,821637.0
HTI,Haiti,SP.POP.TOTL,11503606.0
HND,Honduras,SP.POP.TOTL,10463872.0
HKG,"Hong Kong SAR, China",SP.POP.TOTL,7346100.0
HUN,Hungary,SP.POP.TOTL,9605074.0
ISL,Iceland,SP.POP.TOTL,382003.0
IND,India,SP.POP.TOTL,1425423212.0
IDN,Indonesia,SP.POP.TOTL,278830529.0
IRN,"Iran, Islamic Rep.",SP.POP.TOTL,89524246.0
IRQ,Iraq,SP.POP.TOTL,44070551.0
IRL,Ireland,SP.POP.TOTL,5212836.0
IMN,Isle of Man,SP.POP.TOTL,84132.0
ISR,Israel,SP.POP.TOTL,9557500.0
ITA,Italy,SP.POP.TOTL,59013667.0
JAM,Jamaica,SP.POP.TOTL,2839144.0
JPN,Japan,SP.POP.TOTL,125124989.0
JOR,Jordan,SP.POP.TOTL,11256263.0
KAZ,Kazakhstan,SP.POP.TOTL,20034609.0
KEN,Kenya,SP.POP.TOTL,54252461.0
KIR,Kiribati,SP.POP.TOTL,130469.0
PRK,"Korea, Dem. People's Rep.",SP.POP.TOTL,26328845.0
KOR,"Korea, Rep.",SP.POP.TOTL,51672569.0
XKX,Kosovo,SP.POP.TOTL,1768096.0
KWT,Kuwait,SP.POP.TOTL,4589643.0
KGZ,Kyrgyz Republic,SP.POP.TOTL,6975220.0
LAO,Lao PDR,SP.POP.TOTL,7559007.0
LVA,Latvia,SP.POP.TOTL,1879383.0
LBN,Lebanon,SP.POP.TOTL,5744489.0
LSO,Lesotho,SP.POP.TOTL,2286110.0
LBR,Liberia,SP.POP.TOTL,5373294.0
LBY,Libya,SP.POP.TOTL,7223805.0
LIE,Liechtenstein,SP.POP.TOTL,39493.0
LTU,Lithuania,SP.POP.TOTL,2831639.0
LUX,Luxembourg,SP.POP.TOTL,653103.0
MAC,"Macao SAR, China",SP.POP.TOTL,677300.0
MDG,Madagascar,SP.POP.TOTL,30437261.0
MWI,Malawi,SP.POP.TOTL,20568728.0
MYS,Malaysia,SP.POP.TOTL,34695493.0
MDV,Maldives,SP.POP.TOTL,524106.0
MLI,Mali,SP.POP.TOTL,23072640.0
MLT,Malta,SP.POP.TOTL,531113.0
MHL,Marshall Islands,SP.POP.TOTL,40077.0
MRT,Mauritania,SP.POP.TOTL,4875637.0
MUS,Mauritius,SP.POP.TOTL,1262523.0
MEX,Mexico,SP.POP.TOTL,128613117.0
FSM,"Micronesia, Fed. Sts.",SP.POP.TOTL,112114.0
MDA,Moldova,SP.POP.TOTL,2528654.0
MCO,Monaco,SP.POP.TOTL,38931.0
MNG,Mongolia,SP.POP.TOTL,3433748.0
MNE,Montenegro,SP.POP.TOTL,623591.0
MAR,Morocco,SP.POP.TOTL,37329064.0
MOZ,Mozambique,SP.POP.TOTL,32656246.0
MMR,Myanmar,SP.POP.TOTL,53756787.0
NAM,Namibia,SP.POP.TOTL,2889662.0
NRU,Nauru,SP.POP.TOTL,11801.0
NPL,Nepal,SP.POP.TOTL,29715436.0
NLD,Netherlands,SP.POP.TOTL,17700982.0
NCL,New Caledonia,SP.POP.TOTL,287123.0
NZL,New Zealand,SP.POP.TOTL,5081700.0
NIC,Nicaragua,SP.POP.TOTL,6730654.0
NER,Niger,SP.POP.TOTL,25311973.0
NGA,Nigeria,SP.POP.TOTL,223150896.0
MKD,North Macedonia,SP.POP.TOTL,1831712.0
MNP,Northern Mariana Islands,SP.POP.TOTL,46078.0
NOR,Norway,SP.POP.TOTL,5457127.0
OMN,Oman,SP.POP.TOTL,4730226.0
PAK,Pakistan,SP.POP.TOTL,243700667.0
PLW,Palau,SP.POP.TOTL,17759.0
PAN,Panama,SP.POP.TOTL,4400773.0
PNG,Papua New Guinea,SP.POP.TOTL,10203169.0
PRY,Paraguay,SP.POP.TOTL,6760464.0
PER,Peru,SP.POP.TOTL,33475438.0
PHL,Philippines,SP.POP.TOTL,113964338.0
POL,Poland,SP.POP.TOTL,36821749.0
PRT,Portugal,SP.POP.TOTL,10434332.0
PRI,Puerto Rico (US),SP.POP.TOTL,3220137.0
QAT,Qatar,SP.POP.TOTL,2657333.0
ROU,Romania,SP.POP.TOTL,19048502.0
RUS,Russian Federation,SP.POP.TOTL,144236933.0
RWA,Rwanda,SP.POP.TOTL,13651030.0
WSM,Samoa,SP.POP.TOTL,215261.0
SMR,San Marino,SP.POP.TOTL,33755.0
STP,Sao Tome and Principe,SP.POP.TOTL,226305.0
SAU,Saudi Arabia,SP.POP.TOTL,32175224.0
SEN,Senegal,SP.POP.TOTL,17651103.0
SRB,Serbia,SP.POP.TOTL,6664449.0
SYC,Seychelles,SP.POP.TOTL,119878.0
SLE,Sierra Leone,SP.POP.TOTL,8276807.0
SGP,Singapore,SP.POP.TOTL,5637022.0
SXM,Sint Maarten (Dutch part),SP.POP.TOTL,42139.0
SVK,Slovak Republic,SP.POP.TOTL,5431752.0
SVN,Slovenia,SP.POP.TOTL,2112076.0
SLB,Solomon Islands,SP.POP.TOTL,781066.0
SOM,"Somalia, Fed. Rep.",SP.POP.TOTL,17801897.0
ZAF,South Africa,SP.POP.TOTL,62378410.0
SSD,South Sudan,SP.POP.TOTL,11021177.0
ESP,Spain,SP.POP.TOTL,47786102.0
LKA,Sri Lanka,SP.POP.TOTL,22181000.0
KNA,St. Kitts and Nevis,SP.POP.TOTL,46709.0
LCA,St. Lucia,SP.POP.TOTL,178781.0
MAF,St. Martin (French part),SP.POP.TOTL,28870.0
VCT,St. Vincent and the Grenadines,SP.POP.TOTL,102046.0
SDN,Sudan,SP.POP.TOTL,49383346.0
SUR,Suriname,SP.POP.TOTL,623164.0
SWE,Sweden,SP.POP.TOTL,10486941.0
CHE,Switzerland,SP.POP.TOTL,8777088.0
SYR,Syrian Arab Republic,SP.POP.TOTL,22462173.0
TJK,Tajikistan,SP.POP.TOTL,10182222.0
TZA,Tanzania,SP.POP.TOTL,64711821.0
THA,Thailand,SP.POP.TOTL,71735329.0
TLS,Timor-Leste,SP.POP.TOTL,1369295.0
TGO,Togo,SP.POP.TOTL,9089738.0
TON,Tonga,SP.POP.TOTL,105042.0
TTO,Trinidad and Tobago,SP.POP.TOTL,1365805.0
TUN,Tunisia,SP.POP.TOTL,12119334.0
TUR,Turkiye,SP.POP.TOTL,84979913.0
TKM,Turkmenistan,SP.POP.TOTL,7230193.0
TCA,Turks and Caicos Islands,SP.POP.TOTL,45847.0
TUV,Tuvalu,SP.POP.TOTL,9992.0
UGA,Uganda,SP.POP.TOTL,47312719.0
UKR,Ukraine,SP.POP.TOTL,41048766.0
ARE,United Arab Emirates,SP.POP.TOTL,10074977.0
GBR,United Kingdom,SP.POP.TOTL,67604000.0
USA,United States,SP.POP.TOTL,334017321.0
URY,Uruguay,SP.POP.TOTL,3390913.0
UZB,Uzbekistan,SP.POP.TOTL,34938955.0
VUT,Vanuatu,SP.POP.TOTL,313046.0
VEN,"Venezuela, RB",SP.POP.TOTL,28213017.0
VNM,Viet Nam,SP.POP.TOTL,99680655.0
VIR,Virgin Islands (U.S.),SP.POP.TOTL,105413.0
PSE,West Bank and Gaza,SP.POP.TOTL,5043612.0
YEM,"Yemen, Rep.",SP.POP.TOTL,38222876.0
ZMB,Zambia,SP.POP.TOTL,20152938.0
ZWE,Zimbabwe,SP.POP.TOTL,16069056.0
AFE,Africa Eastern and Southern,SP.URB.TOTL.IN.ZS,37.3605781096471
AFW,Africa Western and Central,SP.URB.TOTL.IN.ZS,51.6816941134779
ARB,Arab World,SP.URB.TOTL.IN.ZS,59.3339325148117
CSS,Caribbean small states,SP.URB.TOTL.IN.ZS,50.1314448681558
CEB,Central Europe and the Baltics,SP.URB.TOTL.IN.ZS,61.5935240282645
EAR,Early-demographic dividend,SP.URB.TOTL.IN.ZS,46.6969243405166
EAS,East Asia & Pacific,SP.URB.TOTL.IN.ZS,63.6828244393002
EAP,East Asia & Pacific (excluding high income),SP.URB.TOTL.IN.ZS,60.8593968560328
TEA,East Asia & Pacific (IDA & IBRD countries),SP.URB.TOTL.IN.ZS,60.8301827838521
EMU,Euro area,SP.URB.TOTL.IN.ZS,77.1544577812445
ECS,Europe & Central Asia,SP.URB.TOTL.IN.ZS,73.7292682667978
ECA,Europe & Central Asia (excluding high income),SP.URB.TOTL.IN.ZS,68.1628939259503
TEC,Europe & Central Asia (IDA & IBRD countries),SP.URB.TOTL.IN.ZS,68.9112783282391
EUU,European Union,SP.URB.TOTL.IN.ZS,74.7659603902094
FCS,Fragile and conflict affected situations,SP.URB.TOTL.IN.ZS,45.5264138281594
HPC,Heavily indebted poor countries (HIPC),SP.URB.TOTL.IN.ZS,36.9472479538651
,High income,SP.URB.TOTL.IN.ZS,79.9046308853316
IBD,IBRD only,SP.URB.TOTL.IN.ZS,57.7552337954716
IBT,IDA & IBRD total,SP.URB.TOTL.IN.ZS,52.8148643869515
IDB,IDA blend,SP.URB.TOTL.IN.ZS,47.6330129185198
IDX,IDA only,SP.URB.TOTL.IN.ZS,35.5511339217003
IDA,IDA total,SP.URB.TOTL.IN.ZS,39.7708012570462
LTE,Late-demographic dividend,SP.URB.TOTL.IN.ZS,66.5775786046606
LCN,Latin America & Caribbean,SP.URB.TOTL.IN.ZS,80.8277327769
LAC,Latin America & Caribbean (excluding high income),SP.URB.TOTL.IN.ZS,80.294444140205
TLA,Latin America & the Caribbean (IDA & IBRD countries),SP.URB.TOTL.IN.ZS,80.8195255101746
LDC,Least developed countries: UN classification,SP.URB.TOTL.IN.ZS,35.2589263540141
LMY,Low & middle income,SP.URB.TOTL.IN.ZS,52.6396704057543
,Low income,SP.URB.TOTL.IN.ZS,36.4160805989563
,Lower middle income,SP.URB.TOTL.IN.ZS,40.7971368007104
MEA,"Middle East, North Africa, Afghanistan & Pakistan",SP.URB.TOTL.IN.ZS,55.12536380356
MNA,"Middle East, North Africa, Afghanistan & Pakistan (excluding high income)",SP.URB.TOTL.IN.ZS,52.1693289932022
TMN,"Middle East, North Africa, Afghanistan & Pakistan (IDA & IBRD)",SP.URB.TOTL.IN.ZS,51.925275557204
MIC,Middle income,SP.URB.TOTL.IN.ZS,54.2809961716245
NAC,North America,SP.URB.TOTL.IN.ZS,80.2778760108654
,Not classified,SP.URB.TOTL.IN.ZS,
OED,OECD members,SP.URB.TOTL.IN.ZS,80.9495516047505
OSS,Other small states,SP.URB.TOTL.IN.ZS,54.4367375147273
PSS,Pacific island small states,SP.URB.TOTL.IN.ZS,39.9427900823495
PST,Post-demographic dividend,SP.URB.TOTL.IN.ZS,80.93281887999
PRE,Pre-demographic dividend,SP.URB.TOTL.IN.ZS,44.4479498791233
SST,Small states,SP.URB.TOTL.IN.ZS,51.5222800598785
SAS,South Asia,SP.URB.TOTL.IN.ZS,34.8137520955194
TSA,South Asia (IDA & IBRD),SP.URB.TOTL.IN.ZS,34.8137520955194
SSF,Sub-Saharan Africa,SP.URB.TOTL.IN.ZS,43.1554770877868
SSA,Sub-Saharan Africa (excluding high income),SP.URB.TOTL.IN.ZS,45.4749158289618
TSS,Sub-Saharan Africa (IDA & IBRD countries),SP.URB.TOTL.IN.ZS,43.1554770877868
,Upper middle income,SP.URB.TOTL.IN.ZS,68.9205465422319
WLD,World,SP.URB.TOTL.IN.ZS,57.0703302851395
AFG,Afghanistan,SP.URB.TOTL.IN.ZS,25.3939250580909
ALB,Albania,SP.URB.TOTL.IN.ZS,57.8643477747383
DZA,Algeria,SP.URB.TOTL.IN.ZS,74.1795862354514
ASM,American Samoa,SP.URB.TOTL.IN.ZS,81.794797704649
AND,Andorra,SP.URB.TOTL.IN.ZS,88.7548766267286
AGO,Angola,SP.URB.TOTL.IN.ZS,69.0506188977513
ATG,Antigua and Barbuda,SP.URB.TOTL.IN.ZS,24.5114484000414
ARG,Argentina,SP.URB.TOTL.IN.ZS,92.112838186126
ARM,Armenia,SP.URB.TOTL.IN.ZS,65.5624462874485
ABW,Aruba,SP.URB.TOTL.IN.ZS,61.8811657924257
AUS,Australia,SP.URB.TOTL.IN.ZS,87.3343268253813
AUT,Austria,SP.URB.TOTL.IN.ZS,68.998085127906
AZE,Azerbaijan,SP.URB.TOTL.IN.ZS,58.4382815854684
BHS,"Bahamas, The",SP.URB.TOTL.IN.ZS,81.3200717047725
BHR,Bahrain,SP.URB.TOTL.IN.ZS,100.0
BGD,Bangladesh,SP.URB.TOTL.IN.ZS,31.673734726234
BRB,Barbados,SP.URB.TOTL.IN.ZS,59.3538514107686
BLR,Belarus,SP.URB.TOTL.IN.ZS,78.4732787892908
BEL,Belgium,SP.URB.TOTL.IN.ZS,87.489200269855
BLZ,Belize,SP.URB.TOTL.IN.ZS,42.1373251262137
BEN,Benin,SP.URB.TOTL.IN.ZS,50.9627000010887
BMU,Bermuda,SP.URB.TOTL.IN.ZS,100.0
BTN,Bhutan,SP.URB.TOTL.IN.ZS,40.9365143617581
BOL,Bolivia,SP.URB.TOTL.IN.ZS,70.6352598708131
BIH,Bosnia and Herzegovina,SP.URB.TOTL.IN.ZS,51.0215287060993
BWA,Botswana,SP.URB.TOTL.IN.ZS,66.5889787170477
BRA,Brazil,SP.URB.TOTL.IN.ZS,87.349556243881
VGB,British Virgin Islands,SP.URB.TOTL.IN.ZS,54.795911692548
BRN,Brunei Darussalam,SP.URB.TOTL.IN.ZS,74.7772642014221
BGR,Bulgaria,SP.URB.TOTL.IN.ZS,73.4799164005224
BFA,Burkina Faso,SP.URB.TOTL.IN.ZS,27.2791369742712
BDI,Burundi,SP.URB.TOTL.IN.ZS,22.3202446002597
CPV,Cabo Verde,SP.URB.TOTL.IN.ZS,75.033738060849
KHM,Cambodia,SP.URB.TOTL.IN.ZS,40.374616187368
CMR,Cameroon,SP.URB.TOTL.IN.ZS,54.8458745688318
CAN,Canada,SP.URB.TOTL.IN.ZS,82.3500897353968
CYM,Cayman Islands,SP.URB.TOTL.IN.ZS,100.0
CAF,Central African Republic,SP.URB.TOTL.IN.ZS,43.2751967457285
TCD,Chad,SP.URB.TOTL.IN.ZS,25.7635558629694
CHI,Channel Islands,SP.URB.TOTL.IN.ZS,32.7920439098264
CHL,Chile,SP.URB.TOTL.IN.ZS,88.6395352768685
CHN,China,SP.URB.TOTL.IN.ZS,65.2176361083984
COL,Colombia,SP.URB.TOTL.IN.ZS,78.0464633137335
COM,Comoros,SP.URB.TOTL.IN.ZS,32.7746035528748
COD,"Congo, Dem. Rep.",SP.URB.TOTL.IN.ZS,44.003287663813
COG,"Congo, Rep.",SP.URB.TOTL.IN.ZS,63.6422003342807
CRI,Costa Rica,SP.URB.TOTL.IN.ZS,78.4405687613972
CIV,Cote d'Ivoire,SP.URB.TOTL.IN.ZS,52.8492549676673
HRV,Croatia,SP.URB.TOTL.IN.ZS,56.9977571733605
CUB,Cuba,SP.URB.TOTL.IN.ZS,77.1056060791016
CUW,Curacao,SP.URB.TOTL.IN.ZS,91.4007684350799
CYP,Cyprus,SP.URB.TOTL.IN.ZS,66.6694829407584
CZE,Czechia,SP.URB.TOTL.IN.ZS,72.6967638379524
DNK,Denmark,SP.URB.TOTL.IN.ZS,88.3880239837703
DJI,Djibouti,SP.URB.TOTL.IN.ZS,72.6109938538856
DMA,Dominica,SP.URB.TOTL.IN.ZS,72.682648635692
DOM,Dominican Republic,SP.URB.TOTL.IN.ZS,72.4203155643711
ECU,Ecuador,SP.URB.TOTL.IN.ZS,63.0901835932266
EGY,"Egypt, Arab Rep.",SP.URB.TOTL.IN.ZS,42.6325129008032
SLV,El Salvador,SP.URB.TOTL.IN.ZS,74.1465021298679
GNQ,Equatorial Guinea,SP.URB.TOTL.IN.ZS,70.8910029445467
ERI,Eritrea,SP.URB.TOTL.IN.ZS,34.8469276428223
EST,Estonia,SP.URB.TOTL.IN.ZS,70.4892333736738
SWZ,Eswatini,SP.URB.TOTL.IN.ZS,25.396682918542
ETH,Ethiopia,SP.URB.TOTL.IN.ZS,22.7367687225342
FRO,Faroe Islands,SP.URB.TOTL.IN.ZS,38.9959824546757
FJI,Fiji,SP.URB.TOTL.IN.ZS,58.1352701465266
FIN,Finland,SP.URB.TOTL.IN.ZS,73.6967597835949
FRA,France,SP.URB.TOTL.IN.ZS,78.7591921123356
PYF,French Polynesia,SP.URB.TOTL.IN.ZS,61.6913806937112
GAB,Gabon,SP.URB.TOTL.IN.ZS,91.2243355459988
GMB,"Gambia, The",SP.URB.TOTL.IN.ZS,63.2869880996278
GEO,Georgia,SP.URB.TOTL.IN.ZS,60.0101622679115
DEU,Germany,SP.URB.TOTL.IN.ZS,81.7867852780995
GHA,Ghana,SP.URB.TOTL.IN.ZS,57.250609602871
GIB,Gibraltar,SP.URB.TOTL.IN.ZS,100.0
GRC,Greece,SP.URB.TOTL.IN.ZS,78.5502190980809
GRL,Greenland,SP.URB.TOTL.IN.ZS,87.8049405256832
GRD,Grenada,SP.URB.TOTL.IN.ZS,36.3688840183487
GUM,Guam,SP.URB.TOTL.IN.ZS,94.1068261842046
GTM,Guatemala,SP.URB.TOTL.IN.ZS,55.2581228215265
GIN,Guinea,SP.URB.TOTL.IN.ZS,37.2384967469106
GNB,Guinea-Bissau,SP.URB.TOTL.IN.ZS,45.1627159118652
GUY,Guyana,SP.URB.TOTL.IN.ZS,26.4536735068183
HTI,Haiti,SP.URB.TOTL.IN.ZS,53.8524949966907
HND,Honduras,SP.URB.TOTL.IN.ZS,57.8364689017254
HKG,"Hong Kong SAR, China",SP.URB.TOTL.IN.ZS,100.0
HUN,Hungary,SP.URB.TOTL.IN.ZS,70.1585064243445
ISL,Iceland,SP.URB.TOTL.IN.ZS,94.1787071228028
IND,India,SP.URB.TOTL.IN.ZS,34.7555673994206
IDN,Indonesia,SP.URB.TOTL.IN.ZS,57.4934704226599
IRN,"Iran, Islamic Rep.",SP.URB.TOTL.IN.ZS,76.3342208862305
IRQ,Iraq,SP.URB.TOTL.IN.ZS,69.8682861328125
IRL,Ireland,SP.URB.TOTL.IN.ZS,63.8920250215059
IMN,Isle of Man,SP.URB.TOTL.IN.ZS,52.1955609162662
ISR,Israel,SP.URB.TOTL.IN.ZS,91.4979834273327
ITA,Italy,SP.URB.TOTL.IN.ZS,69.4839779766539
JAM,Jamaica,SP.URB.TOTL.IN.ZS,57.9879906034775
JPN,Japan,SP.URB.TOTL.IN.ZS,91.9776532428406
JOR,Jordan,SP.URB.TOTL.IN.ZS,92.4048379066163
KAZ,Kazakhstan,SP.URB.TOTL.IN.ZS,61.444157327248
KEN,Kenya,SP.URB.TOTL.IN.ZS,31.4307820066946
KIR,Kiribati,SP.URB.TOTL.IN.ZS,60.5739126559419
PRK,"Korea, Dem. People's Rep.",SP.URB.TOTL.IN.ZS,63.2274365906829
KOR,"Korea, Rep.",SP.URB.TOTL.IN.ZS,81.1624941626873
XKX,Kosovo,SP.URB.TOTL.IN.ZS,47.8001996538455
KWT,Kuwait,SP.URB.TOTL.IN.ZS,100.0
KGZ,Kyrgyz Republic,SP.URB.TOTL.IN.ZS,34.7003053497743
LAO,Lao PDR,SP.URB.TOTL.IN.ZS,38.0682382805397
LVA,Latvia,SP.URB.TOTL.IN.ZS,68.2570218109034
LBN,Lebanon,SP.URB.TOTL.IN.ZS,90.206313713022
LSO,Lesotho,SP.URB.TOTL.IN.ZS,41.6703965165322
LBR,Liberia,SP.URB.TOTL.IN.ZS,54.4591057083
LBY,Libya,SP.URB.TOTL.IN.ZS,87.8486088593786
LIE,Liechtenstein,SP.URB.TOTL.IN.ZS,14.6923070071538
LTU,Lithuania,SP.URB.TOTL.IN.ZS,68.2866452426813
LUX,Luxembourg,SP.URB.TOTL.IN.ZS,94.7605400940185
MAC,"Macao SAR, China",SP.URB.TOTL.IN.ZS,100.0
MDG,Madagascar,SP.URB.TOTL.IN.ZS,31.5397813465886
MWI,Malawi,SP.URB.TOTL.IN.ZS,16.7146031979436
MYS,Malaysia,SP.URB.TOTL.IN.ZS,75.9741357073003
MDV,Maldives,SP.URB.TOTL.IN.ZS,41.0641769690663
MLI,Mali,SP.URB.TOTL.IN.ZS,30.4015705681899
MLT,Malta,SP.URB.TOTL.IN.ZS,95.6003155132879
MHL,Marshall Islands,SP.URB.TOTL.IN.ZS,77.9855966195187
MRT,Mauritania,SP.URB.TOTL.IN.ZS,58.8120996197226
MUS,Mauritius,SP.URB.TOTL.IN.ZS,39.0000125885784
MEX,Mexico,SP.URB.TOTL.IN.ZS,79.199683215791
FSM,"Micronesia, Fed. Sts.",SP.URB.TOTL.IN.ZS,22.4122701819053
MDA,Moldova,SP.URB.TOTL.IN.ZS,42.4048843383789
MCO,Monaco,SP.URB.TOTL.IN.ZS,100.0
MNG,Mongolia,SP.URB.TOTL.IN.ZS,69.783805847168
MNE,Montenegro,SP.URB.TOTL.IN.ZS,65.4012965440866
MAR,Morocco,SP.URB.TOTL.IN.ZS,62.5118468550703
MOZ,Mozambique,SP.URB.TOTL.IN.ZS,35.0536638047945
MMR,Myanmar,SP.URB.TOTL.IN.ZS,30.311095757938
NAM,Namibia,SP.URB.TOTL.IN.ZS,49.5291037671807
NRU,Nauru,SP.URB.TOTL.IN.ZS,100.0
NPL,Nepal,SP.URB.TOTL.IN.ZS,66.2992968721053
NLD,Netherlands,SP.URB.TOTL.IN.ZS,94.9856177734136
NCL,New Caledonia,SP.URB.TOTL.IN.ZS,67.5720305021282
NZL,New Zealand,SP.URB.TOTL.IN.ZS,83.8547305017812
NIC,Nicaragua,SP.URB.TOTL.IN.ZS,58.9954376220703
NER,Niger,SP.URB.TOTL.IN.ZS,17.477207007512
NGA,Nigeria,SP.URB.TOTL.IN.ZS,61.3727650622225
MKD,North Macedonia,SP.URB.TOTL.IN.ZS,61.9530566607267
MNP,Northern Mariana Islands,SP.URB.TOTL.IN.ZS,91.8785788645608
NOR,Norway,SP.URB.TOTL.IN.ZS,82.9563661816034
OMN,Oman,SP.URB.TOTL.IN.ZS,80.0117053152301
PAK,Pakistan,SP.URB.TOTL.IN.ZS,38.3740439760816
PLW,Palau,SP.URB.TOTL.IN.ZS,79.1134831712956
PAN,Panama,SP.URB.TOTL.IN.ZS,65.8211343914956
PNG,Papua New Guinea,SP.URB.TOTL.IN.ZS,14.7358658260841
PRY,Paraguay,SP.URB.TOTL.IN.ZS,68.6396537819458
PER,Peru,SP.URB.TOTL.IN.ZS,84.3663554951194
PHL,Philippines,SP.URB.TOTL.IN.ZS,54.7902343568327
POL,Poland,SP.URB.TOTL.IN.ZS,59.8315488048321
PRT,Portugal,SP.URB.TOTL.IN.ZS,61.1259255772782
PRI,Puerto Rico (US),SP.URB.TOTL.IN.ZS,94.1110923054937
QAT,Qatar,SP.URB.TOTL.IN.ZS,99.243997525719
ROU,Romania,SP.URB.TOTL.IN.ZS,52.1634832477272
RUS,Russian Federation,SP.URB.TOTL.IN.ZS,74.8544893625017
RWA,Rwanda,SP.URB.TOTL.IN.ZS,27.7806702737761
WSM,Samoa,SP.URB.TOTL.IN.ZS,17.5007949951039
SMR,San Marino,SP.URB.TOTL.IN.ZS,97.1141889380465
STP,Sao Tome and Principe,SP.URB.TOTL.IN.ZS,68.3720919798341
SAU,Saudi Arabia,SP.URB.TOTL.IN.ZS,84.1349430023993
SEN,Senegal,SP.URB.TOTL.IN.ZS,53.4435061024348
SRB,Serbia,SP.URB.TOTL.IN.ZS,61.9013813540396
SYC,Seychelles,SP.URB.TOTL.IN.ZS,44.9108209981157
SLE,Sierra Leone,SP.URB.TOTL.IN.ZS,44.2666343543487
SGP,Singapore,SP.URB.TOTL.IN.ZS,100.0
SXM,Sint Maarten (Dutch part),SP.URB.TOTL.IN.ZS,100.0
SVK,Slovak Republic,SP.URB.TOTL.IN.ZS,53.1902831072528
SVN,Slovenia,SP.URB.TOTL.IN.ZS,55.3377817873563
SLB,Solomon Islands,SP.URB.TOTL.IN.ZS,29.3511689856806
SOM,"Somalia, Fed. Rep.",SP.URB.TOTL.IN.ZS,53.5010115886789
ZAF,South Africa,SP.URB.TOTL.IN.ZS,63.4766699210327
SSD,South Sudan,SP.URB.TOTL.IN.ZS,20.7752121046616
ESP,Spain,SP.URB.TOTL.IN.ZS,79.9548794567814
LKA,Sri Lanka,SP.URB.TOTL.IN.ZS,19.9877933196367
KNA,St. Kitts and Nevis,SP.URB.TOTL.IN.ZS,31.6156404983167
LCA,St. Lucia,SP.URB.TOTL.IN.ZS,29.097678526676
MAF,St. Martin (French part),SP.URB.TOTL.IN.ZS,100.0
VCT,St. Vincent and the Grenadines,SP.URB.TOTL.IN.ZS,47.585897833353
SDN,Sudan,SP.URB.TOTL.IN.ZS,34.7209852053086
SUR,Suriname,SP.URB.TOTL.IN.ZS,65.8985443115234
SWE,Sweden,SP.URB.TOTL.IN.ZS,88.4038576504809
CHE,Switzerland,SP.URB.TOTL.IN.ZS,84.9206266284521
SYR,Syrian Arab Republic,SP.URB.TOTL.IN.ZS,72.6124992370605
TJK,Tajikistan,SP.URB.TOTL.IN.ZS,26.1957126615618
TZA,Tanzania,SP.URB.TOTL.IN.ZS,34.8234736377147
THA,Thailand,SP.URB.TOTL.IN.ZS,59.742374420166
TLS,Timor-Leste,SP.URB.TOTL.IN.ZS,28.5857292288968
TGO,Togo,SP.URB.TOTL.IN.ZS,42.7332327975627
TON,Tonga,SP.URB.TOTL.IN.ZS,21.147219451842
TTO,Trinidad and Tobago,SP.URB.TOTL.IN.ZS,53.9474037904998
TUN,Tunisia,SP.URB.TOTL.IN.ZS,69.707138648303
TUR,Turkiye,SP.URB.TOTL.IN.ZS,89.0381164550781
TKM,Turkmenistan,SP.URB.TOTL.IN.ZS,47.0592103414926
TCA,Turks and Caicos Islands,SP.URB.TOTL.IN.ZS,93.6922471653237
TUV,Tuvalu,SP.URB.TOTL.IN.ZS,63.3065768081154
UGA,Uganda,SP.URB.TOTL.IN.ZS,29.9251969709665
UKR,Ukraine,SP.URB.TOTL.IN.ZS,69.42345912103
ARE,United Arab Emirates,SP.URB.TOTL.IN.ZS,85.5147347682487
GBR,United Kingdom,SP.URB.TOTL.IN.ZS,83.0753982997505
USA,United States,SP.URB.TOTL.IN.ZS,80.0324978239707
URY,Uruguay,SP.URB.TOTL.IN.ZS,95.4977416992188
UZB,Uzbekistan,SP.URB.TOTL.IN.ZS,50.9847412109375
VUT,Vanuatu,SP.URB.TOTL.IN.ZS,22.2541249733107
VEN,"Venezuela, RB",SP.URB.TOTL.IN.ZS,89.2132204732836
VNM,Viet Nam,SP.URB.TOTL.IN.ZS,37.5478515625
VIR,Virgin Islands (U.S.),SP.URB.TOTL.IN.ZS,95.2171514724412
PSE,West Bank and Gaza,SP.URB.TOTL.IN.ZS,86.5961423216016
YEM,"Yemen, Rep.",SP.URB.TOTL.IN.ZS,36.3226310308295
ZMB,Zambia,SP.URB.TOTL.IN.ZS,44.5988511178469
ZWE,Zimbabwe,SP.URB.TOTL.IN.ZS,38.7055207169041
